{"products":[{"id":"0.5043114513467868","qty":1}],"totalPrice":5.300000000000001}